guid,name,description,value
896C3F53-A8A9-A9CA-A62C-C20E6179B862,Brenden Gould,dignissim magna a tortor. Nunc commodo auctor velit. Aliquam nisl.,856834
36C9DC23-6A31-18DC-319E-4258C1572522,Whitney Carson,"et, magna. Praesent interdum ligula eu enim. Etiam imperdiet dictum",433190
C168F47A-2B37-F7F6-CDD9-4F7746C558B1,Joelle Hogan,aliquam eros turpis non enim. Mauris quis turpis vitae purus,786629
99BA48AE-B427-1D84-8666-BC9E507E5854,Angelica Buchanan,"varius orci, in consequat enim diam vel arcu. Curabitur ut",412223
201B15E5-935D-DBD3-AE7B-1E35793F070D,Victoria Richard,Morbi non sapien molestie orci tincidunt adipiscing. Mauris molestie pharetra,652106
594231C9-1210-2D98-0B10-6A04489D0382,Maite Bray,bibendum fermentum metus. Aenean sed pede nec ante blandit viverra.,125746
BC94E034-2890-BEAE-3F18-487CB9A6A95B,Eve Pennington,"orci quis lectus. Nullam suscipit, est ac facilisis facilisis, magna",60946
7CF3BE80-CC7B-339F-1C32-97A6AB4C3448,Vielka Levine,"natoque penatibus et magnis dis parturient montes, nascetur ridiculus mus.",348648
D8DB05C3-5F1A-9946-9473-41D5B05A5DC2,Dennis Anderson,"enim consequat purus. Maecenas libero est, congue a, aliquet vel,",396520
6DEA6B57-9BC4-C553-6E36-981817B1B7C9,Halla Caldwell,"montes, nascetur ridiculus mus. Proin vel arcu eu odio tristique",639779
9C3A3B74-176E-8A20-4778-D455DBF1AE80,Cassandra Adkins,quam. Pellentesque habitant morbi tristique senectus et netus et malesuada,657715
7F9CDF9A-23F4-C4F6-8371-8897B9949C52,Malik Hawkins,Vestibulum ante ipsum primis in faucibus orci luctus et ultrices,242295
FBF4992E-E9E5-1987-BE41-3D3DD665766A,Sonya Rosales,Curabitur egestas nunc sed libero. Proin sed turpis nec mauris,970243
12324264-2EBD-A365-196D-B154E5427A8E,Scarlet Jacobson,egestas. Duis ac arcu. Nunc mauris. Morbi non sapien molestie,42923
BE9ABAC4-C0BE-EE43-E474-ADE54A75D2CF,Holmes Lopez,"mi, ac mattis velit justo nec ante. Maecenas mi felis,",342063
EF8B534A-C262-D193-5478-47A969BA5556,Florence Duran,ac arcu. Nunc mauris. Morbi non sapien molestie orci tincidunt,733723
4A65D4D5-92D1-AE68-E67A-6E7B4822B194,Cameran Clark,malesuada malesuada. Integer id magna et ipsum cursus vestibulum. Mauris,852594
35E1EE16-B2C7-E5CF-AC47-385596261EF1,Burton Cobb,ligula. Aenean gravida nunc sed pede. Cum sociis natoque penatibus,279399
CDC6877E-1410-C9E0-28C1-BF98BEDEA839,Oscar Mooney,"mauris ipsum porta elit, a feugiat tellus lorem eu metus.",314107
EB37AE4B-6586-D824-1399-9D9E529C29BF,Debra Lewis,"vulputate eu, odio. Phasellus at augue id ante dictum cursus.",438075
24E07869-ECDC-EE3B-A755-7B672D4EB7BA,Blake Fleming,"rutrum urna, nec luctus felis purus ac tellus. Suspendisse sed",911856
1A9C3EA8-B44B-9F6B-E6A9-FD1345C6D7E1,Eugenia Roth,mauris sagittis placerat. Cras dictum ultricies ligula. Nullam enim. Sed,698102
A4B068E8-7DB7-357C-A112-C6C969ACE381,Gavin Barron,"mollis nec, cursus a, enim. Suspendisse aliquet, sem ut cursus",626725
7F989E8F-744C-9C10-417F-A9A0C1C31904,Belle Wynn,"diam nunc, ullamcorper eu, euismod ac, fermentum vel, mauris. Integer",691122
C2E74A0C-E16A-3FE1-1B73-B43AE540192B,Grant Raymond,"lacus, varius et, euismod et, commodo at, libero. Morbi accumsan",226557
B56CAED8-7768-BE38-E5B8-0265946BAF8E,Keegan Weaver,"non, egestas a, dui. Cras pellentesque. Sed dictum. Proin eget",416561
C9B578DA-C98F-3B9B-49AE-01A9B7B1D8EE,Kylan Gordon,vitae odio sagittis semper. Nam tempor diam dictum sapien. Aenean,414533
D84185FA-62C0-4469-7862-29554125D325,George Velazquez,"et, magna. Praesent interdum ligula eu enim. Etiam imperdiet dictum",567027
627A7B51-8330-C639-AB4A-2A2A7AD56354,Ingrid Morrow,"rhoncus. Proin nisl sem, consequat nec, mollis vitae, posuere at,",762949
6DDEF11A-4227-48AF-B341-E574C4FEDEED,Curran Wiggins,"tellus non magna. Nam ligula elit, pretium et, rutrum non,",279471
ED12829E-8A20-B34D-8AA6-34AA2FD61E27,Louis Stevens,"eget, venenatis a, magna. Lorem ipsum dolor sit amet, consectetuer",158553
CFD8D9DC-B164-7E5D-985C-22894E2CF3C0,Anastasia Clay,ante ipsum primis in faucibus orci luctus et ultrices posuere,367597
74EAF865-3CD4-BC21-3822-DE28A4BECAA4,Kuame Scott,"tempus, lorem fringilla ornare placerat, orci lacus vestibulum lorem, sit",568604
C38879EA-8BFE-37C5-BA6B-B2A56D65EF2F,Arsenio Swanson,"nisl arcu iaculis enim, sit amet ornare lectus justo eu",499486
8D14B832-E40A-9463-5D61-84232498B776,Murphy Becker,"luctus sit amet, faucibus ut, nulla. Cras eu tellus eu",373437
17C37BBE-E5F3-80A8-73DA-B4755832524A,Maggy Newman,orci. Phasellus dapibus quam quis diam. Pellentesque habitant morbi tristique,545607
1B98CA76-13CE-BC67-75C5-911BA6580947,Yolanda Donaldson,magna et ipsum cursus vestibulum. Mauris magna. Duis dignissim tempor,578341
074B7342-34F9-3649-DAF5-834394D88346,Cherokee Blackwell,Sed neque. Sed eget lacus. Mauris non dui nec urna,667497
85CA6385-DCCD-0132-8E96-1A1C77591673,Brandon Velasquez,eget metus. In nec orci. Donec nibh. Quisque nonummy ipsum,316510
F2680313-CBB6-252B-FDED-C7CACB7521B0,Leigh Fry,in molestie tortor nibh sit amet orci. Ut sagittis lobortis,623869
281E7118-0E79-6AEB-EC9D-7C3D492E695C,Illiana Pace,"non leo. Vivamus nibh dolor, nonummy ac, feugiat non, lobortis",24904
11B6384E-EC73-6755-A78D-9AE9EB5083C2,Arden Thornton,interdum. Curabitur dictum. Phasellus in felis. Nulla tempor augue ac,311377
88133EBE-497E-5873-8497-CE22BA234A96,Merrill Whitley,id magna et ipsum cursus vestibulum. Mauris magna. Duis dignissim,657477
AA67C72B-2EE2-98DD-44CD-14737FA2756F,Bethany Nash,"malesuada ut, sem. Nulla interdum. Curabitur dictum. Phasellus in felis.",593361
FCCB71A0-A050-3142-ACB9-9DD685574181,Miriam Simon,"rutrum non, hendrerit id, ante. Nunc mauris sapien, cursus in,",661431
627BF8FF-7835-47D6-88FD-F7E6EE8D548F,Orlando Good,"odio vel est tempor bibendum. Donec felis orci, adipiscing non,",891832
21BD388D-AA7C-B499-75A6-55D595826C96,Adam Paul,"ac mattis semper, dui lectus rutrum urna, nec luctus felis",133820
7C435C32-23E5-1E38-9521-4C84219B28BC,Jonas Cox,"a, aliquet vel, vulputate eu, odio. Phasellus at augue id",58048
7484D001-2990-CE1A-0421-181818066C8D,Kato Dillard,"gravida sit amet, dapibus id, blandit at, nisi. Cum sociis",989569
7E83F037-2584-E6F8-9861-676E2321443C,Ava Levine,tristique senectus et netus et malesuada fames ac turpis egestas.,929367
913E234E-545B-E217-073E-1094E66D4A99,Zephr Conway,"ipsum leo elementum sem, vitae aliquam eros turpis non enim.",739295
96911CF1-4A4D-6F19-8B5E-AD3ED14CE96B,Kennedy Thompson,"Quisque ac libero nec ligula consectetuer rhoncus. Nullam velit dui,",166405
8FD8F95D-B49D-3366-89C4-7F36F934BB58,Dalton Johnston,"egestas a, dui. Cras pellentesque. Sed dictum. Proin eget odio.",282178
B2EE4336-76EB-A2E4-2C04-DE627D0B8B8C,Michelle Franks,"neque tellus, imperdiet non, vestibulum nec, euismod in, dolor. Fusce",277666
CA872790-21BD-C248-4749-F55699F28865,Zorita Frost,"Ut tincidunt orci quis lectus. Nullam suscipit, est ac facilisis",554671
9547A1AA-C87B-307E-67F3-B2DEB2485DE4,Gary Monroe,id magna et ipsum cursus vestibulum. Mauris magna. Duis dignissim,344936
9C3C50A3-2CCE-269E-5CD0-98D3B1B5FBA2,Kennedy Leonard,"pellentesque a, facilisis non, bibendum sed, est. Nunc laoreet lectus",535156
1B563B58-1A88-7CA1-7EC2-11589DE1FD9A,Ray Torres,"Maecenas mi felis, adipiscing fringilla, porttitor vulputate, posuere vulputate, lacus.",966276
CDE872E1-231C-16DF-DA10-7DDDD4C37430,Zia Anderson,"Donec felis orci, adipiscing non, luctus sit amet, faucibus ut,",752630
279298B5-3141-7858-6770-24C95C248E50,Demetria Diaz,Sed neque. Sed eget lacus. Mauris non dui nec urna,363556
15CA4A65-82F7-CE56-BD81-EAC2E3B9C0D6,Joel Terry,eu nulla at sem molestie sodales. Mauris blandit enim consequat,561859
5AB43D70-AA99-AD1C-C369-BBBA07A406BB,Leo Underwood,"libero lacus, varius et, euismod et, commodo at, libero. Morbi",85586
125CAF0D-4A6A-28BC-76D0-CE88AB3AF758,Doris Valentine,"Suspendisse dui. Fusce diam nunc, ullamcorper eu, euismod ac, fermentum",756387
A377CB3A-9B11-EC2E-BD30-9B3142FC449C,Melinda Hull,"Duis elementum, dui quis accumsan convallis, ante lectus convallis est,",698165
D7E7716C-C9FC-9FEC-ADE5-B7CD84673B8C,Renee Perez,"lorem, vehicula et, rutrum eu, ultrices sit amet, risus. Donec",931260
2D741AB2-19C8-6166-AA97-8A06616B8E2D,Myles Hodge,"Phasellus libero mauris, aliquam eu, accumsan sed, facilisis vitae, orci.",984978
11E3CD96-6AB9-E647-4684-47C9B6A18426,Ronan Raymond,arcu. Morbi sit amet massa. Quisque porttitor eros nec tellus.,543523
C15541CF-6CB6-33A6-FCB2-85C8EA56C479,Karleigh Andrews,diam luctus lobortis. Class aptent taciti sociosqu ad litora torquent,114900
E873E8AE-C465-7446-02D9-108C2F33BD50,Tad Chavez,ipsum nunc id enim. Curabitur massa. Vestibulum accumsan neque et,461794
A3DCD2AF-52B4-356C-A580-0079877E94D8,Alfreda Gates,pharetra. Nam ac nulla. In tincidunt congue turpis. In condimentum.,399285
DF027649-B09E-1442-57E5-3175E1D0FB9A,Leilani Kane,"tellus non magna. Nam ligula elit, pretium et, rutrum non,",94747
E4BC62E7-798E-EBD9-FAB4-1A41E45A5138,Ezra Kaufman,"semper erat, in consectetuer ipsum nunc id enim. Curabitur massa.",520545
98DB6D59-9984-3E13-22E4-2B5CD165CA47,Lars Mcneil,nisl. Maecenas malesuada fringilla est. Mauris eu turpis. Nulla aliquet.,996697
BEF3B620-876B-248E-E902-851646DEDBED,George Walters,"risus, at fringilla purus mauris a nunc. In at pede.",244304
0D4715ED-3ED1-B515-28E1-526DB3680EB5,Carla Parrish,"auctor ullamcorper, nisl arcu iaculis enim, sit amet ornare lectus",152709
88453ED7-5976-F555-81D1-3EB7E1A7C2D6,Randall Mccarthy,"Donec est. Nunc ullamcorper, velit in aliquet lobortis, nisi nibh",677645
1D752394-EC2E-B307-37E8-D0DCC6369422,Tasha Stone,diam dictum sapien. Aenean massa. Integer vitae nibh. Donec est,905115
D71D647F-1A20-8479-D18C-5BE8FA08CE80,Wayne Haynes,"iaculis, lacus pede sagittis augue, eu tempor erat neque non",173583
8DEC4561-978C-403F-E4E8-398347E2F903,Cally Hickman,"lorem, eget mollis lectus pede et risus. Quisque libero lacus,",740184
77D1AD76-C1AC-2366-EB65-B5A5EBDC48ED,Blaze Alvarez,"pellentesque, tellus sem mollis dui, in sodales elit erat vitae",398145
DD84BBC4-B383-E7DD-C208-136837E435A9,Cathleen Wilkerson,ac turpis egestas. Fusce aliquet magna a neque. Nullam ut,474490
48218298-B59D-7758-0B68-A609C8A550C5,Rebekah Richard,vel arcu. Curabitur ut odio vel est tempor bibendum. Donec,541446
9416D918-2722-3CE4-C0B6-2E713728630D,Lesley Cochran,"nec, imperdiet nec, leo. Morbi neque tellus, imperdiet non, vestibulum",915374
B2135CC5-9E4D-03E6-3421-2E4B32031B00,Thomas Cline,mauris sagittis placerat. Cras dictum ultricies ligula. Nullam enim. Sed,813348
28354BB1-1877-9A40-624C-62E4A89DA8FA,Brendan Craft,nisl. Quisque fringilla euismod enim. Etiam gravida molestie arcu. Sed,406614
92EFC39C-7D29-46A6-2BB7-2C36ABE155D7,Ann Stewart,"ultrices. Vivamus rhoncus. Donec est. Nunc ullamcorper, velit in aliquet",615983
D6E3C934-8133-E1F4-4C63-D8FA4C8DD32F,Brody Ayers,Nulla tempor augue ac ipsum. Phasellus vitae mauris sit amet,705690
6FE8AAD9-0AA2-6ED9-547B-6C663396E5D4,Clinton Barrett,nulla. Donec non justo. Proin non massa non ante bibendum,892765
874F9B4C-52D7-E972-2D17-4C15BC53B5E2,Lucas Acevedo,"mollis vitae, posuere at, velit. Cras lorem lorem, luctus ut,",446627
C22B1D97-5C15-9157-4259-929CBB6913A5,Wylie Hawkins,"ullamcorper, velit in aliquet lobortis, nisi nibh lacinia orci, consectetuer",264918
BC271E22-E0F7-B2C2-B759-B34ED9BACB1A,Dale Burns,arcu. Aliquam ultrices iaculis odio. Nam interdum enim non nisi.,885159
77646375-5DBB-83D2-E9CA-BB4F2D91E9BE,Elizabeth Hobbs,"et, magna. Praesent interdum ligula eu enim. Etiam imperdiet dictum",625798
C9996062-C6B7-B932-2544-79F389BBA238,Justin Aguirre,"ac metus vitae velit egestas lacinia. Sed congue, elit sed",602733
2ED646ED-36F6-DA16-79A4-6C1EBD62CCE8,Wynter Cooper,nunc id enim. Curabitur massa. Vestibulum accumsan neque et nunc.,573465
18B48577-6B50-15C4-76CB-A0628A9DB3DC,Laura Macias,nec tempus mauris erat eget ipsum. Suspendisse sagittis. Nullam vitae,82312
55A40A55-FBE7-27C6-2ED1-B34D815E9854,Amber Armstrong,Pellentesque ultricies dignissim lacus. Aliquam rutrum lorem ac risus. Morbi,663207
3CECA235-ED2E-2F7B-753D-3DBA0157744B,Ignatius Stone,"non, dapibus rutrum, justo. Praesent luctus. Curabitur egestas nunc sed",873564
7A247D42-56C1-C3A8-A55B-762CAE819F69,Venus Mcclure,"Nullam enim. Sed nulla ante, iaculis nec, eleifend non, dapibus",599376
EFF05912-8DA3-55C3-489B-5CE4A11EAB75,Valentine Shepard,blandit mattis. Cras eget nisi dictum augue malesuada malesuada. Integer,130177
849AB596-2593-8555-FC0B-83AEA39E20F8,Madaline Landry,"leo. Vivamus nibh dolor, nonummy ac, feugiat non, lobortis quis,",590662
AC948577-6A82-AE2A-2DC9-095A85126947,Reece Hancock,Sed dictum. Proin eget odio. Aliquam vulputate ullamcorper magna. Sed,937481
1EDEC5E6-15C1-ABF0-AB4D-267C90E540EA,Adara Pickett,libero. Proin mi. Aliquam gravida mauris ut mi. Duis risus,986515
2A859C47-E521-6454-109E-7835D23BD7FC,Preston Levy,"penatibus et magnis dis parturient montes, nascetur ridiculus mus. Proin",92558
A1E4B1D2-F7CD-DD9C-F2A4-823765C72116,Lysandra Castillo,eget metus. In nec orci. Donec nibh. Quisque nonummy ipsum,365091
53444D19-2508-CEB7-8D75-DA91D7C28B54,Chastity Long,lobortis. Class aptent taciti sociosqu ad litora torquent per conubia,587135
21C72C8E-9512-5C7C-5026-BD7944647F14,Yardley Clements,"metus eu erat semper rutrum. Fusce dolor quam, elementum at,",244242
5FAAC4AD-592E-B2DE-D431-792A9DD54C8E,Kibo Oneil,"ullamcorper. Duis at lacus. Quisque purus sapien, gravida non, sollicitudin",488398
740E321D-C69E-A2B9-777A-D14884107776,Avram Sanders,"sapien, cursus in, hendrerit consectetuer, cursus et, magna. Praesent interdum",251520
4620918D-7B89-0ECE-83E7-8BE6156E8F87,Raymond Peters,at sem molestie sodales. Mauris blandit enim consequat purus. Maecenas,649220
129BA286-D3BA-7B4A-2BFD-B458497AAAAD,Kaye O'brien,"orci, in consequat enim diam vel arcu. Curabitur ut odio",149772
5C4063E3-110C-3BE9-17A6-971662FDD4DB,Noble Lane,orci sem eget massa. Suspendisse eleifend. Cras sed leo. Cras,678917
749E96D7-C3C3-EB64-E1A7-79A34CF61AA3,Grant Gonzalez,vestibulum massa rutrum magna. Cras convallis convallis dolor. Quisque tincidunt,382032
AF3D3379-C123-8AD5-16C9-CDEE6DBB94A1,Molly Rich,"sit amet diam eu dolor egestas rhoncus. Proin nisl sem,",361607
0ABABB7B-0966-44E7-A5FF-D6C124BF3492,Jayme Webb,dignissim magna a tortor. Nunc commodo auctor velit. Aliquam nisl.,721085
4A4598AD-8E37-6B7B-6BD1-1AE910C32442,Virginia Decker,fringilla purus mauris a nunc. In at pede. Cras vulputate,763937
8C4DACEA-584A-9EB6-CDD5-C6B0EDA37AED,Hadley Fitzgerald,"lorem lorem, luctus ut, pellentesque eget, dictum placerat, augue. Sed",949897
538437B7-5077-3058-8F26-C26B98E7A52A,Xanthus Owens,"ut, nulla. Cras eu tellus eu augue porttitor interdum. Sed",280093
E4A605E3-6D24-8E43-BD8D-116D50C09EEE,Buckminster Bowen,"ornare placerat, orci lacus vestibulum lorem, sit amet ultricies sem",67263
1D378444-3817-ACE6-85CA-8CF435F5B63A,Ralph Woodward,urna suscipit nonummy. Fusce fermentum fermentum arcu. Vestibulum ante ipsum,772796
8B6B07E5-5B76-B4D7-3F22-DBCC568D1C6F,Ifeoma Hayden,dolor. Donec fringilla. Donec feugiat metus sit amet ante. Vivamus,829271
CC1E4176-EA76-0F5E-736F-373841CDD51B,Kyra Estes,tempor arcu. Vestibulum ut eros non enim commodo hendrerit. Donec,681461
7D9E71FC-61ED-5F33-446D-75BB1DFFF6E5,Leroy Delgado,"eget, volutpat ornare, facilisis eget, ipsum. Donec sollicitudin adipiscing ligula.",214163
9D4FAD8C-C87F-2984-BD7C-14099C0411D4,Leilani Welch,Nam consequat dolor vitae dolor. Donec fringilla. Donec feugiat metus,539420
95526565-DC4C-94E4-42A3-32FAA8132C79,William Newton,ante ipsum primis in faucibus orci luctus et ultrices posuere,941124
DDD7AD11-8561-871E-E8D9-4AB74B990437,Liberty Chase,per inceptos hymenaeos. Mauris ut quam vel sapien imperdiet ornare.,985465
F4B3D99C-DD99-158B-7B30-6F31FB3B8811,Kibo Gordon,"sed dolor. Fusce mi lorem, vehicula et, rutrum eu, ultrices",798147
8A91B926-6B58-78D9-847B-9647E22A035B,Naomi Steele,quam dignissim pharetra. Nam ac nulla. In tincidunt congue turpis.,351137
1C367542-12D3-D126-C471-5E721DBB3E58,Jamal Farley,Curabitur egestas nunc sed libero. Proin sed turpis nec mauris,544705
7424D60C-2E6B-710E-99F7-18348DE0C324,Herman Byers,fringilla cursus purus. Nullam scelerisque neque sed sem egestas blandit.,416275
5AAA79B8-39A0-433C-927E-1D8A9E974E15,Solomon Mooney,quam quis diam. Pellentesque habitant morbi tristique senectus et netus,578922
A364AD46-74AE-7B54-E640-7858F5161C24,Sylvester Cameron,"pellentesque eget, dictum placerat, augue. Sed molestie. Sed id risus",599314
89E2B03E-A3E1-58CD-A054-A0AC9238A485,Russell Barrett,"mattis ornare, lectus ante dictum mi, ac mattis velit justo",942066
8C169338-C48E-B6CF-6141-755C43D19A3D,Rahim Harmon,Sed nec metus facilisis lorem tristique aliquet. Phasellus fermentum convallis,632063
8AB415C5-55C5-5DE1-9AB3-156398AAAAA6,Marcia Douglas,"Suspendisse dui. Fusce diam nunc, ullamcorper eu, euismod ac, fermentum",772314
D11FB54B-6801-C167-E3EC-75068FC0D13D,Rhonda Salinas,risus. Donec egestas. Duis ac arcu. Nunc mauris. Morbi non,262291
77DC4DF8-A25C-68A9-D244-B876F281BCF1,Stewart Nelson,Suspendisse sagittis. Nullam vitae diam. Proin dolor. Nulla semper tellus,492474
B1B69ADD-833F-5682-D92B-A1151AD6E820,Leonard Rojas,nulla. Cras eu tellus eu augue porttitor interdum. Sed auctor,130837
922A8E66-95FE-C5A3-DC48-F9ED9EC4E133,Jayme Huber,"magna. Nam ligula elit, pretium et, rutrum non, hendrerit id,",230851
D45C68F8-49B2-94F4-5AD1-E66ACD478BFA,Troy Buchanan,"nibh lacinia orci, consectetuer euismod est arcu ac orci. Ut",328920
BAB20C99-A74F-C70E-6767-CC7DC60DD0E7,Ezekiel Anthony,"non, vestibulum nec, euismod in, dolor. Fusce feugiat. Lorem ipsum",12142
8D4ABF73-24A0-4D80-D5EF-2B0AC30A59A2,Xenos Hebert,mauris eu elit. Nulla facilisi. Sed neque. Sed eget lacus.,711542
278F35AE-BB8A-BEC9-99A4-13CB50AC24B6,Bernard Moon,"ante dictum cursus. Nunc mauris elit, dictum eu, eleifend nec,",791018
97AC417D-CD3B-2735-F2AE-B8A8EE1DA3BC,Hedda Bartlett,"dolor dolor, tempus non, lacinia at, iaculis quis, pede. Praesent",196977
10328516-8993-2440-5C98-0E18D801997E,Uma Nielsen,nunc sed pede. Cum sociis natoque penatibus et magnis dis,734115
637897BC-246E-9E3B-5A6E-5CAADB9313A3,Otto Kennedy,"Maecenas libero est, congue a, aliquet vel, vulputate eu, odio.",810737
724932A9-DD84-E10D-341D-7FB276CD7824,Carla Head,neque et nunc. Quisque ornare tortor at risus. Nunc ac,564281
9EE5A3BC-5501-D94A-4D8B-C17441AC69E9,Jeremy Abbott,"egestas. Sed pharetra, felis eget varius ultrices, mauris ipsum porta",41086
D7501D9B-EB36-1DD4-A459-2B12AD2A796B,Ulla Cherry,Nunc pulvinar arcu et pede. Nunc sed orci lobortis augue,493883
2B8EB359-6D5C-9956-1C9B-7736636C3844,Regina Donaldson,"nonummy ultricies ornare, elit elit fermentum risus, at fringilla purus",212962
4CBB7038-1555-B69A-8A1E-7CF6856A9E34,Francis Ruiz,"elit, a feugiat tellus lorem eu metus. In lorem. Donec",981228
91C62869-DDF1-F485-9913-AEDD8957217D,Rachel Huffman,"Suspendisse dui. Fusce diam nunc, ullamcorper eu, euismod ac, fermentum",745346
971A5E4D-A612-A06B-B52C-1ACD694A43D6,Tana Rowe,"aliquet nec, imperdiet nec, leo. Morbi neque tellus, imperdiet non,",360185
4141EA6C-D281-D1DB-D3AE-E8D9A1599206,Hayley Ochoa,"Mauris molestie pharetra nibh. Aliquam ornare, libero at auctor ullamcorper,",735945
D5FA6CB6-13C7-70FB-5C0B-CC97E6486B9C,Mercedes Forbes,"Aliquam gravida mauris ut mi. Duis risus odio, auctor vitae,",119088
9C2412E3-6385-CE8E-B091-A197837A5976,Reagan Roth,"ullamcorper, nisl arcu iaculis enim, sit amet ornare lectus justo",758509
B15529A9-79B7-42F1-1B45-B1DDC5537C72,Ava Gilmore,"at, nisi. Cum sociis natoque penatibus et magnis dis parturient",77370
5678A994-684F-CB2B-1A33-7422834A4F54,Ethan Howell,aliquam arcu. Aliquam ultrices iaculis odio. Nam interdum enim non,189598
81B667F5-9672-EA12-3469-B369C0933514,Remedios Alvarado,sed leo. Cras vehicula aliquet libero. Integer in magna. Phasellus,908103
E12A78DA-8D6A-D96F-E7CD-475DAE93C77B,Shad Herrera,"convallis in, cursus et, eros. Proin ultrices. Duis volutpat nunc",637661
65416594-5208-7B27-250D-71BB89754B80,Zelda Ferguson,interdum feugiat. Sed nec metus facilisis lorem tristique aliquet. Phasellus,508445
D1592CB7-45AD-AA31-4DCA-85511C99C4B9,Luke Hogan,tellus id nunc interdum feugiat. Sed nec metus facilisis lorem,784507
A59462C1-D726-CDF5-8489-B96342AEAB28,Gretchen Downs,"enim. Suspendisse aliquet, sem ut cursus luctus, ipsum leo elementum",528290
49C7C25B-753D-7619-8068-0584A185D34C,Sawyer Collins,mus. Proin vel nisl. Quisque fringilla euismod enim. Etiam gravida,671224
4CA09982-6B1B-9C02-5C8B-642627407668,Ray Blevins,ornare egestas ligula. Nullam feugiat placerat velit. Quisque varius. Nam,881848
A856030C-6E8D-E04B-D4BB-C34E6D0CA18A,Mariko Bryant,Nam tempor diam dictum sapien. Aenean massa. Integer vitae nibh.,202280
9D93D44E-3B6C-CF29-D27D-5B51EDE67252,Hanae Harper,"sed dolor. Fusce mi lorem, vehicula et, rutrum eu, ultrices",443884
DD55CA0A-67EE-7346-534C-9C126FB4522C,Kirk Ramos,gravida. Praesent eu nulla at sem molestie sodales. Mauris blandit,972337
4618EE01-221A-6DB8-8342-2D41C0FA36D8,Reagan Flynn,nulla. Cras eu tellus eu augue porttitor interdum. Sed auctor,312753
9E594F37-B475-F6DA-D9B9-99E7393D6CA4,Asher Marsh,"enim, sit amet ornare lectus justo eu arcu. Morbi sit",364352
E669745A-6243-E91F-8CAB-DC3E5652A7C8,Wanda Guthrie,fermentum fermentum arcu. Vestibulum ante ipsum primis in faucibus orci,865227
CE1A1914-C375-C868-D8ED-232F074D8DCC,Kevin Hobbs,"magnis dis parturient montes, nascetur ridiculus mus. Proin vel nisl.",402064
8125E856-315C-89E9-5ABE-188BAF865AA5,Xyla Snider,"tincidunt orci quis lectus. Nullam suscipit, est ac facilisis facilisis,",519596
9928A876-9A41-8877-0B3E-64D9AC0544C8,Charde Cantu,"ultrices. Vivamus rhoncus. Donec est. Nunc ullamcorper, velit in aliquet",75258
78A75ED7-E6E0-5D35-667F-A191CBDED615,Halee Faulkner,"Quisque imperdiet, erat nonummy ultricies ornare, elit elit fermentum risus,",78087
096D39E8-BA84-8ADC-B888-2244D85C8A44,Rana Merrill,tellus eu augue porttitor interdum. Sed auctor odio a purus.,502188
45C2493B-B257-BB11-6EF0-A88571651377,Quintessa Parrish,eros turpis non enim. Mauris quis turpis vitae purus gravida,939244
D47AB579-8DB6-2496-263B-E44645827CDB,Scott Riggs,Proin vel nisl. Quisque fringilla euismod enim. Etiam gravida molestie,197681
7264815C-A464-7C72-DE21-2E276A3D9CF0,Berk Dickson,dui. Cras pellentesque. Sed dictum. Proin eget odio. Aliquam vulputate,383196
665A1D7E-F259-4E3E-A673-5E1BBA6C42B5,Brielle Ferguson,"sodales nisi magna sed dui. Fusce aliquam, enim nec tempus",281712
02519F4A-5F58-CEC9-884D-4E97973CE412,Raven Norton,"magnis dis parturient montes, nascetur ridiculus mus. Donec dignissim magna",473624
BE086F24-9AA0-937F-EA51-19190F0C2277,Shay Charles,"mattis velit justo nec ante. Maecenas mi felis, adipiscing fringilla,",517309
44258868-77E9-BB79-D42D-B48372CD6D28,Asher Little,vitae risus. Duis a mi fringilla mi lacinia mattis. Integer,994400
D8146B6E-29CD-A6A3-4B51-AD98420E5BB7,Brody Herrera,"velit. Sed malesuada augue ut lacus. Nulla tincidunt, neque vitae",14983
A0C8896B-B329-15F0-E920-99E3E65A9AC6,Hoyt Stokes,Pellentesque tincidunt tempus risus. Donec egestas. Duis ac arcu. Nunc,192819
7E422574-5742-875A-D4D0-31C59375D554,Quin Bennett,In faucibus. Morbi vehicula. Pellentesque tincidunt tempus risus. Donec egestas.,289485
7B4B98B5-AB06-D0BD-C683-F5F73D4E748E,Harding Maxwell,in lobortis tellus justo sit amet nulla. Donec non justo.,671457
3833E168-C121-8A8D-779E-A985269EE6EB,Hop Valenzuela,"vitae velit egestas lacinia. Sed congue, elit sed consequat auctor,",108537
F2AF3AA9-EB68-F681-2E6A-9D6A88682579,Pascale Evans,ultrices posuere cubilia Curae Donec tincidunt. Donec vitae erat vel,59670
9962B323-8DC6-7A8C-2B28-8464A839594E,Elmo Richardson,"Cras lorem lorem, luctus ut, pellentesque eget, dictum placerat, augue.",458012
79529963-8ABC-8D79-4623-E3C9E2C22EFA,Tatiana Barrett,velit. Quisque varius. Nam porttitor scelerisque neque. Nullam nisl. Maecenas,738838
DE88F3F5-79E2-C19B-9746-6BE41359EE9D,Pearl Byrd,tellus id nunc interdum feugiat. Sed nec metus facilisis lorem,302760
AD33BBDA-CF99-6C33-D176-2BE79447BCD4,Branden Weeks,"ac sem ut dolor dapibus gravida. Aliquam tincidunt, nunc ac",975585
73824B1A-0201-B375-F681-093165E547AF,Martha Calderon,"scelerisque neque sed sem egestas blandit. Nam nulla magna, malesuada",998300
568E746A-7C5E-864A-029A-6272A2680171,Cedric Rich,"sit amet, risus. Donec nibh enim, gravida sit amet, dapibus",338026
42DD168F-2294-C158-8ECD-FCD71216C734,Kaye Kim,lacus. Cras interdum. Nunc sollicitudin commodo ipsum. Suspendisse non leo.,349984
BA038B59-461D-6E7E-5B64-72022D8F64E3,Malcolm Goff,"fermentum risus, at fringilla purus mauris a nunc. In at",629476
E2BCA9B0-DE31-6A28-8791-984A8824EA99,Amethyst Simon,"erat, in consectetuer ipsum nunc id enim. Curabitur massa. Vestibulum",766666
ADA00B2B-1C5E-0D19-A4BA-972FEA82B1EE,Ishmael Barker,"nulla magna, malesuada vel, convallis in, cursus et, eros. Proin",75703
74E22BC1-AA62-2925-2572-D7A311E2C440,Iola Griffith,"nec enim. Nunc ut erat. Sed nunc est, mollis non,",891244
470C505D-7A33-63D9-BD2A-B7E247312412,Micah Roberson,"ut, sem. Nulla interdum. Curabitur dictum. Phasellus in felis. Nulla",51232
D7B9C045-EE61-85DD-0DD9-DAC5959E3334,Travis Gallagher,"convallis ligula. Donec luctus aliquet odio. Etiam ligula tortor, dictum",231608
EAF94EA6-AA74-864C-9C96-CC1058832EDB,Kirestin Hays,"lorem ipsum sodales purus, in molestie tortor nibh sit amet",802272
9A52DA36-44EC-19B2-2D9C-2E1554A74D65,Derek Yates,Sed eget lacus. Mauris non dui nec urna suscipit nonummy.,724067
BCE07715-4CD7-30BB-D2F7-12BE440DA928,Isaiah Frye,"tellus non magna. Nam ligula elit, pretium et, rutrum non,",387922
17A14D27-6451-CC33-CF04-36A2BBB6AD6F,Burton Christensen,Quisque varius. Nam porttitor scelerisque neque. Nullam nisl. Maecenas malesuada,52642
1E148CEF-6B91-1715-3527-C27BCD0D3E7C,Alana Cherry,sit amet nulla. Donec non justo. Proin non massa non,727472
D5D2E820-6B3B-B2DE-2E58-E1817179B607,Chelsea Davis,"Cras vehicula aliquet libero. Integer in magna. Phasellus dolor elit,",452035
893BCCC2-091E-14DF-A255-4A6BA33A088C,Hakeem Padilla,"ultrices, mauris ipsum porta elit, a feugiat tellus lorem eu",44890
13307852-9408-E65F-708A-D1B32B15227A,Karina Maynard,"Sed auctor odio a purus. Duis elementum, dui quis accumsan",836816
871A79A9-4675-676A-AC38-798688616B75,Jescie Blevins,"sollicitudin a, malesuada id, erat. Etiam vestibulum massa rutrum magna.",845845
EFAAE7DC-5C63-B73C-0008-52DF24472CC2,Lester Stevenson,"Phasellus libero mauris, aliquam eu, accumsan sed, facilisis vitae, orci.",263668
AA37B73C-2B3B-B87E-3311-5CC627C8DF6C,Rhoda Merritt,"aliquet. Proin velit. Sed malesuada augue ut lacus. Nulla tincidunt,",569974
773CAF1B-22A0-549C-099E-CF7899489BBC,Kamal Fischer,amet ornare lectus justo eu arcu. Morbi sit amet massa.,773934
A1F1D27E-BE75-9CCA-A738-1ACA3316944D,Lani Snyder,sit amet nulla. Donec non justo. Proin non massa non,189778
47542970-A1C6-625E-2541-9EBC68866A99,Keegan Parrish,velit. Quisque varius. Nam porttitor scelerisque neque. Nullam nisl. Maecenas,955975
56A434B4-B125-BA03-9829-E9D92954F7ED,Brielle Benjamin,Nunc commodo auctor velit. Aliquam nisl. Nulla eu neque pellentesque,856960
3E3B4E69-0F82-0954-69E4-3A4AC5A40EDA,Raymond Wooten,nisi dictum augue malesuada malesuada. Integer id magna et ipsum,711202
0CAAEB68-9D19-A091-B66C-BBFE6DD5D374,Pamela Townsend,"elit. Aliquam auctor, velit eget laoreet posuere, enim nisl elementum",218584
549D4C8C-B9EE-75B2-ACAA-85FE21BE413B,Malachi Cook,Sed id risus quis diam luctus lobortis. Class aptent taciti,997702
DCE23B45-C62D-6409-5FD3-9D8BC307C0C8,Ori Kelley,"non leo. Vivamus nibh dolor, nonummy ac, feugiat non, lobortis",86561
84C08C92-7A71-484B-2CE5-164196B88578,Maris Crawford,Aliquam erat volutpat. Nulla facilisis. Suspendisse commodo tincidunt nibh. Phasellus,931436
BA87BB7C-D80E-CE17-C0BE-278BDACA6CB9,Maite Mckay,"eu dolor egestas rhoncus. Proin nisl sem, consequat nec, mollis",600306
DDDF921A-9AF6-C5CA-753F-588ECA898B83,Cullen Hale,"gravida. Aliquam tincidunt, nunc ac mattis ornare, lectus ante dictum",137174
2984B379-7D5B-79D0-82CD-AA2B03F9B698,Zelenia Shaw,"sociis natoque penatibus et magnis dis parturient montes, nascetur ridiculus",289788
3773030D-3AAC-E3B3-0AAA-EED7A0242EDA,Hammett Hubbard,Nullam lobortis quam a felis ullamcorper viverra. Maecenas iaculis aliquet,789642
E8B35C11-E9AA-B1D8-4457-E377D2E0422A,Gannon Mccarthy,"magnis dis parturient montes, nascetur ridiculus mus. Aenean eget magna.",373228
3B15ACD3-15E7-4A56-E491-E4E1331D5DC2,Kevin Guerra,"lorem, eget mollis lectus pede et risus. Quisque libero lacus,",329627
D9C25571-4D59-8351-8DBD-65B5589A569E,Logan Martinez,nisl. Nulla eu neque pellentesque massa lobortis ultrices. Vivamus rhoncus.,788986
31710831-35EC-D391-4648-F7C71CB57DD8,Scarlet Johnson,"lacus pede sagittis augue, eu tempor erat neque non quam.",157273
F98814B3-E9A5-8E19-4B4E-BA876EE1C07B,Andrew Gallegos,"quis lectus. Nullam suscipit, est ac facilisis facilisis, magna tellus",292592
53A95A67-F5B8-DA26-B89A-1D81EBB33778,Lisandra Ramirez,Mauris non dui nec urna suscipit nonummy. Fusce fermentum fermentum,941341
69557ECC-C004-4598-0733-308755181892,Claire Roy,"est ac mattis semper, dui lectus rutrum urna, nec luctus",333397
8CCD3858-886A-CD1C-BBC9-F71AB63A99EC,Zeph Yates,tempus risus. Donec egestas. Duis ac arcu. Nunc mauris. Morbi,793166
50B46608-4416-6A88-C4FD-634C7EBDE843,Macy Clayton,"ullamcorper. Duis cursus, diam at pretium aliquet, metus urna convallis",492090
FBCC01AE-5C7F-E5A0-4D1E-2A5A6462422B,Dieter Mckee,enim diam vel arcu. Curabitur ut odio vel est tempor,566252
F94432A3-C39A-C324-57F7-9140D5B1FD31,Clinton Pope,eget ipsum. Suspendisse sagittis. Nullam vitae diam. Proin dolor. Nulla,90733
692CF372-BB6E-550C-CEA2-D96C7074F65D,Tallulah Cameron,"sed dui. Fusce aliquam, enim nec tempus scelerisque, lorem ipsum",631373
3213215B-66A7-22F3-4A72-34829C8E7C36,Yuli Hammond,tincidunt tempus risus. Donec egestas. Duis ac arcu. Nunc mauris.,715656
D02EA983-A394-DC9B-275F-D3B6AB5EC173,Raymond Underwood,sapien molestie orci tincidunt adipiscing. Mauris molestie pharetra nibh. Aliquam,149343
F6751186-BCBC-53E3-2DA0-BAB7BDBB8C13,Keith Lott,"eget metus eu erat semper rutrum. Fusce dolor quam, elementum",304851
BB3B731C-C9F3-5733-DD5B-3A5D8D74195E,Dalton Fitzpatrick,"tellus. Nunc lectus pede, ultrices a, auctor non, feugiat nec,",875529
358C07F5-5B4F-6C74-2878-4F1CE4E74D48,Michael Stokes,"venenatis a, magna. Lorem ipsum dolor sit amet, consectetuer adipiscing",637298
4FEE5BE4-4E3E-99B8-1EBB-11D770382C1F,Ebony Foley,turpis egestas. Aliquam fringilla cursus purus. Nullam scelerisque neque sed,623761
A42ED4BD-C47C-9F41-49DC-BEB65D3B59C2,Harper Franklin,tortor. Nunc commodo auctor velit. Aliquam nisl. Nulla eu neque,431352
57E96151-8D61-84FB-8892-54B64886BDAA,Gray Cardenas,Nulla aliquet. Proin velit. Sed malesuada augue ut lacus. Nulla,32978
D61334E6-4864-856C-D2D3-9DF273CECCCC,Zephania Mathis,"scelerisque, lorem ipsum sodales purus, in molestie tortor nibh sit",440475
673BA202-86EE-02D2-A7B6-63C9E8E12CC7,September Gardner,eu dui. Cum sociis natoque penatibus et magnis dis parturient,746035
7D01345D-8379-6129-D5EE-554B4928FB12,Zeph Meadows,"dolor, tempus non, lacinia at, iaculis quis, pede. Praesent eu",704898
60A34F23-3A5D-439A-1039-C79943E71752,Mari Randall,mus. Aenean eget magna. Suspendisse tristique neque venenatis lacus. Etiam,481528
49EBF96D-FA36-75B7-3F51-67A8729DAD53,Cora Bradley,turpis nec mauris blandit mattis. Cras eget nisi dictum augue,341235
BE7A5B1C-9B67-C347-B0B7-AA1F15132EE6,Jorden Cherry,"pharetra nibh. Aliquam ornare, libero at auctor ullamcorper, nisl arcu",571928
62DF425F-828E-465F-6E61-370525411622,Quintessa Sweet,"magnis dis parturient montes, nascetur ridiculus mus. Donec dignissim magna",572891
C2AF09D1-9C81-7538-C1FA-0F7441E85B54,Samuel Zamora,nisl. Quisque fringilla euismod enim. Etiam gravida molestie arcu. Sed,564895
0B73EC2E-4491-4962-9137-D4B14DD88691,Dorian James,"a, malesuada id, erat. Etiam vestibulum massa rutrum magna. Cras",387505
AA354EDA-DBB2-7BED-26D6-93221E8EC81C,Reuben Guerrero,"enim nec tempus scelerisque, lorem ipsum sodales purus, in molestie",989315
C5BCD2B1-60F2-7403-6E67-EC674EAAE643,Willa Kelley,"ornare, elit elit fermentum risus, at fringilla purus mauris a",731478
2BCB8BBF-289D-4E57-DA87-3CE58C7C9A28,Ian Finley,et nunc. Quisque ornare tortor at risus. Nunc ac sem,505906
872A82F4-DF45-A616-415A-6017CF42527A,Athena Clements,"sodales. Mauris blandit enim consequat purus. Maecenas libero est, congue",544070
13894DED-C6DB-B281-2BC2-16A9AED3504D,Mason Holloway,Aenean eget metus. In nec orci. Donec nibh. Quisque nonummy,601021
21EE0C8A-0C75-55E8-940F-E7833C7C8E59,Pamela Palmer,"Donec consectetuer mauris id sapien. Cras dolor dolor, tempus non,",473084
52A788E8-31EE-2C42-663E-2AC7520E2B5A,Flynn Brock,sed pede. Cum sociis natoque penatibus et magnis dis parturient,489078
1DB900C7-681D-DD32-A6B6-4690A61F9059,Mara Graves,"eget laoreet posuere, enim nisl elementum purus, accumsan interdum libero",37066
F53F4CC5-B1EE-0897-332E-E966DC5D7E2C,Kai Burch,mauris sit amet lorem semper auctor. Mauris vel turpis. Aliquam,982426
A96ACB46-7A20-1CA4-A515-0C74B875A989,Faith O'connor,ac risus. Morbi metus. Vivamus euismod urna. Nullam lobortis quam,326408
41A7A4F4-7E7A-CE60-7816-3A6121DE3ADD,Caesar Hester,arcu et pede. Nunc sed orci lobortis augue scelerisque mollis.,921557
44338B85-9485-556A-D422-279C44DB52B2,Jonas Harper,"mollis. Phasellus libero mauris, aliquam eu, accumsan sed, facilisis vitae,",914979
8F19A35E-9266-B947-AE11-804B5EC20FBD,Debra Jackson,"Quisque ac libero nec ligula consectetuer rhoncus. Nullam velit dui,",478188
29556A97-765E-60B7-7E19-8DC5651C1C55,Rigel Rowland,ornare tortor at risus. Nunc ac sem ut dolor dapibus,589398
1F38B53E-2547-A6A0-7C77-7104BD319671,Ronan Page,"Fusce dolor quam, elementum at, egestas a, scelerisque sed, sapien.",893464
F088C4EF-7528-5A83-8B09-137DEC399838,August Alford,facilisi. Sed neque. Sed eget lacus. Mauris non dui nec,908256
87ADEE69-333A-15D8-7D65-06D2B65C15F6,Ryder Gillespie,"egestas a, scelerisque sed, sapien. Nunc pulvinar arcu et pede.",210389
74B491C8-910A-22A3-C945-3B6659BCFB88,Lilah Bell,"vel turpis. Aliquam adipiscing lobortis risus. In mi pede, nonummy",650991
AE9922BB-7CE9-ED41-F437-89AF14F25213,Kasper Eaton,Donec nibh. Quisque nonummy ipsum non arcu. Vivamus sit amet,904056
6685A0EA-3322-E28B-1F64-64E9C895579F,Serina Pittman,Proin eget odio. Aliquam vulputate ullamcorper magna. Sed eu eros.,417920
7FE325BB-76D8-3DD2-EDB7-1EA85983F8DA,Claire Mcmillan,sem magna nec quam. Curabitur vel lectus. Cum sociis natoque,257834
7C9DA5DC-E81D-CDB4-4993-AD3A4A861015,Tanek Chapman,Vestibulum ante ipsum primis in faucibus orci luctus et ultrices,153279
CAA5631A-1A23-7A5B-56E5-3949D62E61FC,Kimberly Leonard,Cras pellentesque. Sed dictum. Proin eget odio. Aliquam vulputate ullamcorper,946169
7391A9E8-B2AD-DB36-C2E5-771663C21C46,Vernon Hinton,Quisque tincidunt pede ac urna. Ut tincidunt vehicula risus. Nulla,922080
17383223-DE63-B71A-E755-812E4435A6EC,Cadman Reynolds,"et tristique pellentesque, tellus sem mollis dui, in sodales elit",127959
7556FDB7-1956-904D-6108-DD1667389E44,Whoopi Clements,Nunc mauris. Morbi non sapien molestie orci tincidunt adipiscing. Mauris,904519
F5CA15F5-EDE1-CB57-D4EE-FE833692B4E1,Hop Lang,"consectetuer adipiscing elit. Aliquam auctor, velit eget laoreet posuere, enim",792978
9EFC4199-C311-8A46-CFEE-8D675C8BE5B5,Lacy Soto,"non, lobortis quis, pede. Suspendisse dui. Fusce diam nunc, ullamcorper",483409
DB23923C-4EFD-26B3-AEF4-1A18318DC34C,Leo Herman,"nonummy ultricies ornare, elit elit fermentum risus, at fringilla purus",204221
0C35B866-5E7D-E1AA-9B1C-8BCBE6654BDB,Thor Griffin,ridiculus mus. Donec dignissim magna a tortor. Nunc commodo auctor,203143
E670A75B-8414-3C51-6455-D966EE538570,Dominique Kim,quam dignissim pharetra. Nam ac nulla. In tincidunt congue turpis.,304221
A2E1C29D-21ED-9C6E-3BCA-85F3BA1E10A0,Dora Cabrera,"mauris elit, dictum eu, eleifend nec, malesuada ut, sem. Nulla",807881
B265A52D-56B0-1624-D5D2-6A1560318BB8,Samantha Cooke,"magna sed dui. Fusce aliquam, enim nec tempus scelerisque, lorem",245589
DE7D5684-581D-E83D-975E-546D25BE2B61,Erich Barr,"eget laoreet posuere, enim nisl elementum purus, accumsan interdum libero",699584
77955928-623B-9BA1-069A-05C1B89D61EA,Hedy Barton,Curabitur vel lectus. Cum sociis natoque penatibus et magnis dis,488064
4BBC7F4D-5042-5E7E-D3A4-8941CF1C1D3A,Nash Dickerson,"sollicitudin commodo ipsum. Suspendisse non leo. Vivamus nibh dolor, nonummy",344962
2412C911-A64F-DBC0-FBC7-57C2A7C67DEA,Russell Molina,Aenean gravida nunc sed pede. Cum sociis natoque penatibus et,198256
78A3BE24-14B0-1682-A9BA-B7B3DBC8D8C5,Caesar Nixon,arcu. Vivamus sit amet risus. Donec egestas. Aliquam nec enim.,47580
F46A98C2-B1A1-8683-1E0D-3C5B40483D5C,Suki Jacobs,metus. Vivamus euismod urna. Nullam lobortis quam a felis ullamcorper,17241
524BB8FB-07B4-6A59-16A6-3287D9AC87E1,Len Lyons,"nulla ante, iaculis nec, eleifend non, dapibus rutrum, justo. Praesent",750321
97FF2661-425B-2B01-CCC4-2DF31B066CA5,Alexa Leblanc,sed libero. Proin sed turpis nec mauris blandit mattis. Cras,928146
D329BC53-F76D-1E9D-9C4A-53EA52DDED4A,Uma Moss,Curabitur vel lectus. Cum sociis natoque penatibus et magnis dis,302368
177615CE-E8BA-918F-663E-DD761289B9E2,Jennifer Small,vel arcu. Curabitur ut odio vel est tempor bibendum. Donec,443157
A96AE539-71C2-AA84-D654-4CA267936854,Melinda Mckee,"id, libero. Donec consectetuer mauris id sapien. Cras dolor dolor,",243873
D23BAFBD-1645-B0A4-F9AF-B8D55F188A99,Keane Gates,"torquent per conubia nostra, per inceptos hymenaeos. Mauris ut quam",468034
8098765D-B1DC-E1D6-757C-96D54213AC78,Silas Mcintosh,iaculis odio. Nam interdum enim non nisi. Aenean eget metus.,454125
EF849857-E3ED-2535-7462-8CE35CDD4B22,Cara Mercado,"ad litora torquent per conubia nostra, per inceptos hymenaeos. Mauris",478806
155D4B47-8E79-70F7-8E73-35EEF2E5D283,Christen Hayden,nulla. Integer urna. Vivamus molestie dapibus ligula. Aliquam erat volutpat.,509360
5FC0A299-E14F-7369-680E-7E3AF289C914,Harding Dawson,dolor vitae dolor. Donec fringilla. Donec feugiat metus sit amet,617376
27E34344-28BC-4A77-8332-8CEDBEE113B3,Jackson Wells,"ornare, facilisis eget, ipsum. Donec sollicitudin adipiscing ligula. Aenean gravida",22768
1AFC39CC-984E-6F5C-202D-67716164C02D,Hasad Phelps,"tempor bibendum. Donec felis orci, adipiscing non, luctus sit amet,",534433
3AD7246A-48CE-7C07-A8D9-6C7486433A64,Lavinia Vaughn,netus et malesuada fames ac turpis egestas. Aliquam fringilla cursus,718856
C475834B-927B-F8AE-371A-2641CA199892,Kenneth Herman,"purus. Duis elementum, dui quis accumsan convallis, ante lectus convallis",442385
C58AF1C6-2B36-D446-EC57-B4DC6EA1F2F2,Maxwell Castillo,vehicula risus. Nulla eget metus eu erat semper rutrum. Fusce,894637
68A1E5C3-B6C4-6DE0-43B1-C3A6625ACD58,Elliott Rodgers,arcu eu odio tristique pharetra. Quisque ac libero nec ligula,57868
2E28EC78-EAF0-C21C-AEE1-E6079A7FF57B,Rina Shelton,"id, libero. Donec consectetuer mauris id sapien. Cras dolor dolor,",810044
9EAE9F64-E598-366E-324C-ACA61A0D2AE2,Darius York,"sociosqu ad litora torquent per conubia nostra, per inceptos hymenaeos.",488689
30994414-366B-7216-389A-05AC78EE63CE,Adria Barron,"Morbi neque tellus, imperdiet non, vestibulum nec, euismod in, dolor.",586901
D8E78E91-B4A1-1D89-DC54-3B1E082AB42F,Marvin Cantu,"Phasellus libero mauris, aliquam eu, accumsan sed, facilisis vitae, orci.",703650
842EE571-434C-FD8E-D2B2-3916E8298962,Keelie Salazar,"ultricies adipiscing, enim mi tempor lorem, eget mollis lectus pede",977042
B877A051-538E-23A4-B95A-50D3144279E4,Otto Gilbert,"posuere at, velit. Cras lorem lorem, luctus ut, pellentesque eget,",621370
8364D690-76E6-E1F9-7D94-B36F6428D3BA,Cairo Spence,"felis orci, adipiscing non, luctus sit amet, faucibus ut, nulla.",901240
011641BC-C5C2-6421-A5EF-94F08CBA5E1E,Anthony Beck,"sit amet luctus vulputate, nisi sem semper erat, in consectetuer",446698
B3B56BEB-DFD9-89E4-6E42-D42ADEE1D26A,Kenyon Miranda,Integer mollis. Integer tincidunt aliquam arcu. Aliquam ultrices iaculis odio.,142556
EA0E888B-584D-4611-DD78-8BAD2A89125D,Boris Burt,"ut, nulla. Cras eu tellus eu augue porttitor interdum. Sed",511098
FF644866-8888-047B-1DE9-7B471D5CB703,Violet Lancaster,primis in faucibus orci luctus et ultrices posuere cubilia Curae,718767
D97AC153-35BD-663D-C581-EACA5D78DD3D,Madeson Thomas,morbi tristique senectus et netus et malesuada fames ac turpis,860306
BAF02398-7A29-C835-9190-7E62604B91EC,Haley Horn,odio. Nam interdum enim non nisi. Aenean eget metus. In,897673
28E451DA-B84B-4F25-A444-4F0CCE49F796,Philip Rodriquez,vitae odio sagittis semper. Nam tempor diam dictum sapien. Aenean,290318
9B209FE1-BC4C-E86D-6E3D-9D636AF542E7,Ulysses David,"facilisis facilisis, magna tellus faucibus leo, in lobortis tellus justo",155464
9CC75798-1B78-C602-6593-6919968C2884,Wallace Carney,cursus. Integer mollis. Integer tincidunt aliquam arcu. Aliquam ultrices iaculis,442587
085B6776-77C6-8D8B-2862-F338C570C4C7,Leo Greene,"pellentesque a, facilisis non, bibendum sed, est. Nunc laoreet lectus",126910
693BB317-A620-380E-35E5-252CCDCC19A7,Stacey Levy,primis in faucibus orci luctus et ultrices posuere cubilia Curae,452136
C206A10D-AE84-26C2-EE11-D283C88353B7,Orlando Miller,"eget varius ultrices, mauris ipsum porta elit, a feugiat tellus",353243
F3C77C95-15A2-6AEC-5189-5E5D38718139,Jaime O'Neill,vel arcu. Curabitur ut odio vel est tempor bibendum. Donec,505564
58C04B97-C3D7-B768-4720-E7B45C258AC4,Karleigh Frost,"rutrum. Fusce dolor quam, elementum at, egestas a, scelerisque sed,",806383
63346725-C677-5F5C-49DC-0EDDE59C2A76,Abigail Barron,Proin dolor. Nulla semper tellus id nunc interdum feugiat. Sed,577565
A8344D1A-E323-2559-EB9F-872C809A4157,Fuller Melendez,ante ipsum primis in faucibus orci luctus et ultrices posuere,274582
91220840-11DD-8C3D-A75B-B0EAB26F5852,Lilah Shepherd,et malesuada fames ac turpis egestas. Aliquam fringilla cursus purus.,600414
7E467BAD-726A-95FB-5F19-6E6B26029E49,Cooper Hurst,"egestas hendrerit neque. In ornare sagittis felis. Donec tempor, est",769317
5AB643C9-024B-2252-AC6C-43B65607E4C2,Iona Wynn,"felis purus ac tellus. Suspendisse sed dolor. Fusce mi lorem,",993185
6AF9C953-0A14-E728-E22D-54E2A8BCBEF9,Gabriel Cortez,vitae diam. Proin dolor. Nulla semper tellus id nunc interdum,433952
EBBE1F50-A175-A721-758A-864ED754F52A,Odessa Vargas,aliquam adipiscing lacus. Ut nec urna et arcu imperdiet ullamcorper.,497442
FFF40F18-FD92-C51B-1163-E615DA81DE7D,Harriet Bailey,enim. Etiam gravida molestie arcu. Sed eu nibh vulputate mauris,131244
BAED1415-8874-B291-C975-B2599BAB3A1B,Dawn Tanner,"Integer vulputate, risus a ultricies adipiscing, enim mi tempor lorem,",453793
ECD376EF-A81C-E814-D781-8520A2CD7FB4,Lesley Odom,vitae diam. Proin dolor. Nulla semper tellus id nunc interdum,195654
11037FE5-3B58-319C-CD4B-38A760AC88E7,Ali Mcintyre,"feugiat. Lorem ipsum dolor sit amet, consectetuer adipiscing elit. Aliquam",481082
917DA8D4-D9C6-1BAD-9112-36BD812C5E6F,Wang Weiss,"lorem, auctor quis, tristique ac, eleifend vitae, erat. Vivamus nisi.",150038
12114C95-5221-0216-870C-7BEDDA0BBD25,Marvin Park,"arcu iaculis enim, sit amet ornare lectus justo eu arcu.",465239
9654DCD9-E271-AABE-87AF-6FA6439CDCE6,Doris Tyson,ridiculus mus. Donec dignissim magna a tortor. Nunc commodo auctor,92152
2E1BEBEB-6A71-3A73-0AEA-F0784A2CAAE1,Marny Terry,"pharetra, felis eget varius ultrices, mauris ipsum porta elit, a",302094
C4184204-65C5-4078-6E27-2C37E057AF26,Quynn Bolton,"lorem, luctus ut, pellentesque eget, dictum placerat, augue. Sed molestie.",247052
AF5A7FC7-AC27-3DC1-9687-A8CB89CBB23A,Lydia Hendrix,"tempor bibendum. Donec felis orci, adipiscing non, luctus sit amet,",248073
924BA94B-2314-78B1-3B9C-1B557D64AE78,Patrick Mays,pede. Praesent eu dui. Cum sociis natoque penatibus et magnis,602880
E86CAB25-D5E8-4ABA-84FA-40CA2EB87688,Desirae Luna,"lorem, sit amet ultricies sem magna nec quam. Curabitur vel",935773
C8D2A31D-3788-46C6-3B87-30924FAF4654,Clio Sweet,"ornare, lectus ante dictum mi, ac mattis velit justo nec",830071
B9AE6C32-3BBC-16E7-6DC0-C494F8AFA7FD,Seth Benson,"Vivamus nibh dolor, nonummy ac, feugiat non, lobortis quis, pede.",938742
D78C4129-4648-1A25-D67D-BB3521CF6E60,Coby Glover,"Suspendisse aliquet, sem ut cursus luctus, ipsum leo elementum sem,",983675
B0520887-F54F-9B4B-F97F-D440DEF46C1A,Inez Boyle,arcu. Morbi sit amet massa. Quisque porttitor eros nec tellus.,530639
CC3754E8-3D6E-88A2-E2DB-BB1C7E207649,Chloe Sherman,"metus vitae velit egestas lacinia. Sed congue, elit sed consequat",589900
3A648E35-926E-3A4D-2DAE-A58DBF9D83E9,Brianna Holder,"non, luctus sit amet, faucibus ut, nulla. Cras eu tellus",846724
3B10465E-FBA1-4E17-DEE3-1FA6F04A4004,Mason Olsen,"dolor elit, pellentesque a, facilisis non, bibendum sed, est. Nunc",119049
225EC883-676D-C42E-7B1A-5BB58829487C,Keaton Whitehead,ornare lectus justo eu arcu. Morbi sit amet massa. Quisque,948654
E229C77A-EAF8-2558-F4C3-26A605B1FD25,Dara Lowe,"blandit enim consequat purus. Maecenas libero est, congue a, aliquet",374668
74422F37-44D3-48A1-2319-812F6D23C5B7,Serena Horton,"rutrum. Fusce dolor quam, elementum at, egestas a, scelerisque sed,",375738
F1BB9126-D14A-3A36-236A-3D2C03E66123,Odysseus Morrison,"erat, in consectetuer ipsum nunc id enim. Curabitur massa. Vestibulum",253339
64FC32FB-CA02-BA64-4AC6-E236B25A9B02,Charissa Morton,Quisque fringilla euismod enim. Etiam gravida molestie arcu. Sed eu,284438
6A304C35-1514-1552-5B7E-9DB309C8967A,Aidan Fulton,"vitae, erat. Vivamus nisi. Mauris nulla. Integer urna. Vivamus molestie",508151
9E2185DA-7154-81E7-3F75-3CEA442317F5,Sylvester Dotson,fringilla euismod enim. Etiam gravida molestie arcu. Sed eu nibh,605129
D6E21B17-25C3-EF9F-6499-1C5ED2467277,Michelle Stevens,Praesent eu nulla at sem molestie sodales. Mauris blandit enim,691678
7AE4C38D-D42B-8037-008D-EEB67B998528,Kadeem Cross,"Duis mi enim, condimentum eget, volutpat ornare, facilisis eget, ipsum.",701501
CF17224B-CA89-267C-AE8E-D1272AB48060,Elijah Gregory,adipiscing ligula. Aenean gravida nunc sed pede. Cum sociis natoque,332182
7EBC9D49-53AB-3C79-1CD7-BF27A46D4649,Nicole Whitfield,"Mauris molestie pharetra nibh. Aliquam ornare, libero at auctor ullamcorper,",230209
4D9E3251-C116-613A-BD71-9DBB80E3E234,Garth Odom,"dolor, nonummy ac, feugiat non, lobortis quis, pede. Suspendisse dui.",993010
AFD1A864-B22D-D9EC-4E1C-E8709C79C59E,Glenna Mcgowan,"sed pede nec ante blandit viverra. Donec tempus, lorem fringilla",593927
1DDA1C16-347E-4516-ABFB-963A671A3C9B,Ivor Bass,"ut, sem. Nulla interdum. Curabitur dictum. Phasellus in felis. Nulla",437177
0A25C2AF-78C7-26A9-49DC-66E272E97950,Kylynn Webb,"sed, facilisis vitae, orci. Phasellus dapibus quam quis diam. Pellentesque",271078
D527281E-1FFE-4074-944D-56561A4D94EA,Daniel Hicks,Sed molestie. Sed id risus quis diam luctus lobortis. Class,861628
32234F6A-A37E-5D4B-C7E5-385C65D5154E,Kibo Murray,Morbi vehicula. Pellentesque tincidunt tempus risus. Donec egestas. Duis ac,988044
156BB918-0AB7-99AD-A925-6A6688CB44BC,Lisandra Bradshaw,feugiat placerat velit. Quisque varius. Nam porttitor scelerisque neque. Nullam,265281
7E822303-748B-C69C-69CB-9D716FA7403E,Jennifer Graves,"leo. Vivamus nibh dolor, nonummy ac, feugiat non, lobortis quis,",706702
DE795D5E-F191-DFA8-E680-661613CC682C,Hop Arnold,dictum. Proin eget odio. Aliquam vulputate ullamcorper magna. Sed eu,317814
221A72BE-35FC-929F-90D4-FE1B676525C7,Gail Fields,"dolor. Fusce mi lorem, vehicula et, rutrum eu, ultrices sit",293656
32784B4B-9B72-6119-0AF3-D93CB94EE246,Roanna Holden,risus. Morbi metus. Vivamus euismod urna. Nullam lobortis quam a,126962
7DA4DBE5-1011-3E93-B5CE-99E3089A9C46,Heidi Macias,"amet, faucibus ut, nulla. Cras eu tellus eu augue porttitor",931661
1CE2B5C7-1765-F10D-CD2F-5CC8DA2CC651,Axel Goodman,et netus et malesuada fames ac turpis egestas. Aliquam fringilla,970541
098EA6D1-F3A7-2FBA-2169-E5C1C876D015,Kieran Saunders,"pede, ultrices a, auctor non, feugiat nec, diam. Duis mi",670947
71058378-02B0-BE98-27D9-66FD93D1DD27,Nicholas Woodard,vulputate mauris sagittis placerat. Cras dictum ultricies ligula. Nullam enim.,477673
2553432A-8026-0230-D94C-78DEF26325B5,Alvin Byrd,"sem. Pellentesque ut ipsum ac mi eleifend egestas. Sed pharetra,",211809
C40A16FC-2AA8-B735-5ED1-7B9D9436555B,Justin Donaldson,"at lacus. Quisque purus sapien, gravida non, sollicitudin a, malesuada",679242
267CEF8E-652D-5E66-278B-75E8071E14A3,Honorato Jennings,consectetuer euismod est arcu ac orci. Ut semper pretium neque.,674583
E2332424-4A31-CA9F-5AB4-B5F794B658D5,Porter Austin,"iaculis aliquet diam. Sed diam lorem, auctor quis, tristique ac,",663699
71A8D17A-E965-708F-E48C-A9C211F7EB64,Gregory Duncan,risus. Donec egestas. Duis ac arcu. Nunc mauris. Morbi non,63561
7C11BF87-193A-7854-8D08-DC0DAF37C63E,Rae Shannon,Phasellus in felis. Nulla tempor augue ac ipsum. Phasellus vitae,912881
F4E9D3E0-3EB8-8CE3-7662-2DC611E57131,Risa Harding,"tellus. Phasellus elit pede, malesuada vel, venenatis vel, faucibus id,",617834
113417C7-9164-EB20-2BE9-42BD7B13E933,Sopoline Watson,id magna et ipsum cursus vestibulum. Mauris magna. Duis dignissim,791984
F42DF536-8A67-FD21-972B-266352337E03,Pamela Finley,"Integer sem elit, pharetra ut, pharetra sed, hendrerit a, arcu.",773077
4550AC4E-072D-182C-5B96-B903558975D6,Ashely Finley,sem magna nec quam. Curabitur vel lectus. Cum sociis natoque,538818
4596AC42-3AC2-52C1-7FDA-8443E4E6B7CA,Yoko Mueller,"viverra. Maecenas iaculis aliquet diam. Sed diam lorem, auctor quis,",716722
AEF3CF86-46DB-D311-D08B-957473141A99,Galvin Willis,neque. Sed eget lacus. Mauris non dui nec urna suscipit,968132
5957A574-9B88-4046-F739-EB0C4CCE5CA2,Tana Wheeler,libero. Proin sed turpis nec mauris blandit mattis. Cras eget,617088
C5B367DD-FD4E-7C06-39D7-34EB23BA3953,Leigh Barlow,amet risus. Donec egestas. Aliquam nec enim. Nunc ut erat.,363723
E6716595-887E-9763-2DFE-98C565533AE7,Victor Kidd,interdum feugiat. Sed nec metus facilisis lorem tristique aliquet. Phasellus,149989
C8568664-8671-7763-DC77-724867804BF3,Virginia Rasmussen,"condimentum eget, volutpat ornare, facilisis eget, ipsum. Donec sollicitudin adipiscing",345124
835D61A3-A478-5054-E36E-079D47851217,Trevor Kinney,quam. Pellentesque habitant morbi tristique senectus et netus et malesuada,853452
1BD1F643-BF41-D6D5-5AE5-6580351BD25A,Colt Mccullough,"quam, elementum at, egestas a, scelerisque sed, sapien. Nunc pulvinar",768496
AC802B18-145C-2720-9530-9E3622AC14D4,Benedict Chang,Aenean euismod mauris eu elit. Nulla facilisi. Sed neque. Sed,499586
8D3386C7-8524-9837-9B98-A475B1559A7A,Dominique Hoover,"dictum placerat, augue. Sed molestie. Sed id risus quis diam",18247
163BD638-79F1-23CE-6FBD-57E1F8D4A9D6,Josephine Stone,"lacinia. Sed congue, elit sed consequat auctor, nunc nulla vulputate",423473
88159139-5F49-42B7-1C26-A24C01FA472B,Edward Roach,at risus. Nunc ac sem ut dolor dapibus gravida. Aliquam,406115
5573BF6B-C492-615D-7BBE-E47EBC2E7833,Warren Vazquez,"feugiat nec, diam. Duis mi enim, condimentum eget, volutpat ornare,",633396
93B87C32-EDD8-C82B-CCDA-2C9CD4E17EB9,Jenette Hinton,Pellentesque habitant morbi tristique senectus et netus et malesuada fames,788343
67681DF9-1E9B-D739-8384-38354496AA08,Abbot Holcomb,luctus lobortis. Class aptent taciti sociosqu ad litora torquent per,290836
9B6B4667-459D-CE45-326A-36D2E203149A,Nigel Short,eu arcu. Morbi sit amet massa. Quisque porttitor eros nec,742826
D12ED815-DE6C-8DCB-5FB3-4B338D5A66CB,Erich Cross,"justo faucibus lectus, a sollicitudin orci sem eget massa. Suspendisse",58394
3DF981E0-CBF8-389D-23DE-CBE46D425AE2,Graiden Williams,Cras eu tellus eu augue porttitor interdum. Sed auctor odio,246145
3350875A-16B5-2675-F7F2-0D53CA3B79BC,Nicole Underwood,"purus sapien, gravida non, sollicitudin a, malesuada id, erat. Etiam",910759
8D833E23-44E5-8551-7A26-80AD7DB8681A,Kaitlin Hernandez,pharetra. Nam ac nulla. In tincidunt congue turpis. In condimentum.,92414
6E4289D5-DB65-32A3-81A4-1D9B4164C643,Darrel Clements,"non, feugiat nec, diam. Duis mi enim, condimentum eget, volutpat",864630
665F6B7A-B7EC-F38C-C87B-567B48706932,Kareem Mckee,metus facilisis lorem tristique aliquet. Phasellus fermentum convallis ligula. Donec,135598
12A87C1C-B426-DC34-B687-E5971B41902E,Brenden Reyes,"eget, volutpat ornare, facilisis eget, ipsum. Donec sollicitudin adipiscing ligula.",859335
96E5DE9B-1C0C-A43A-0E55-8D2874F434DB,Eugenia Foster,"Quisque libero lacus, varius et, euismod et, commodo at, libero.",336817
F49AFE3A-39ED-EF5E-A1A6-9AD8DD13EA55,Forrest Velasquez,"enim, gravida sit amet, dapibus id, blandit at, nisi. Cum",883018
7F25D984-AF74-B5AF-29D8-EA6198290A2C,Amir Calhoun,"ornare placerat, orci lacus vestibulum lorem, sit amet ultricies sem",925330
B0AE12D7-CBCD-9411-4CC2-0D497E5DA67D,April Hurst,"sit amet luctus vulputate, nisi sem semper erat, in consectetuer",401880
46946E22-DC6A-3D10-44E5-758E137BC239,Marcia Haney,"ipsum leo elementum sem, vitae aliquam eros turpis non enim.",912314
A3B55801-B1E9-F662-A016-882BC755636F,Dieter Dale,"metus. In lorem. Donec elementum, lorem ut aliquam iaculis, lacus",407042
6E352DAF-39BE-9898-6F8A-41C493D4FA88,Ulla Stevenson,"non, lacinia at, iaculis quis, pede. Praesent eu dui. Cum",348231
8D1F3267-950F-E626-FE48-AB231A683089,Preston Heath,"imperdiet ullamcorper. Duis at lacus. Quisque purus sapien, gravida non,",612826
FE6EFBA2-1CC4-1A15-CB7C-BAB85ABA9EE2,Ori Cervantes,in molestie tortor nibh sit amet orci. Ut sagittis lobortis,146755
A1FA0D27-509C-2A9F-8958-9F5D6B13B4D2,Chase Carter,"Maecenas iaculis aliquet diam. Sed diam lorem, auctor quis, tristique",921634
A84997A3-5663-69A5-CE02-835D6DCD7353,Wyatt James,"justo faucibus lectus, a sollicitudin orci sem eget massa. Suspendisse",455317
B5EB17CA-D088-590E-88D4-1421C7180988,Rebekah Moody,"rutrum, justo. Praesent luctus. Curabitur egestas nunc sed libero. Proin",187706
4EAE8383-4677-5BE2-2294-88553BF44D15,Sylvester Mcclain,magna. Praesent interdum ligula eu enim. Etiam imperdiet dictum magna.,953832
2655245B-9599-5A1E-2556-656BE25B2694,Angelica Blankenship,"tempus scelerisque, lorem ipsum sodales purus, in molestie tortor nibh",879893
EC19B96D-2674-EB33-6802-CB6692524951,Shelley Best,dictum augue malesuada malesuada. Integer id magna et ipsum cursus,860320
8E254084-A28D-4F1A-5F61-C7C8E5599C37,Megan Francis,nisl. Maecenas malesuada fringilla est. Mauris eu turpis. Nulla aliquet.,637582
DA4154C1-9B7B-C92B-D6F0-D685AD2571C6,Vladimir Allen,"leo, in lobortis tellus justo sit amet nulla. Donec non",603743
499542DA-D85A-9A8A-11B1-18CD38745269,Imani Ayala,"Duis mi enim, condimentum eget, volutpat ornare, facilisis eget, ipsum.",50491
58E35C6D-AE48-8997-C86A-51A51255825A,Claudia Holden,amet metus. Aliquam erat volutpat. Nulla facilisis. Suspendisse commodo tincidunt,242880
3C17CE47-E707-C485-71BB-47D34A57CEF3,Giacomo Lowe,"at pretium aliquet, metus urna convallis erat, eget tincidunt dui",465270
F115D8EE-C5F4-CC31-9336-8D32A3F31503,Wade Pierce,"faucibus ut, nulla. Cras eu tellus eu augue porttitor interdum.",446950
2CB54B72-A7B9-B455-C483-755427D841EE,Ryan Raymond,"cursus a, enim. Suspendisse aliquet, sem ut cursus luctus, ipsum",948767
9B53826C-EB43-EB81-2E02-6393EFEA2C14,Amity Harris,eget ipsum. Suspendisse sagittis. Nullam vitae diam. Proin dolor. Nulla,789992
796DBCE5-7B43-AB3A-994D-2C1EA3E72E89,Dara Nicholson,"pede et risus. Quisque libero lacus, varius et, euismod et,",219532
7AE4C7B9-38EB-EECE-86DA-4E8D2F6D6C61,Jennifer Blair,"ante, iaculis nec, eleifend non, dapibus rutrum, justo. Praesent luctus.",497961
601D3267-C303-B869-8837-2B1B80774D55,Paul Orr,"dui augue eu tellus. Phasellus elit pede, malesuada vel, venenatis",223131
473CA823-D423-ECAB-4484-141494128EC6,Bruno Mclean,sodales elit erat vitae risus. Duis a mi fringilla mi,26276
F3524E0B-DE20-B45C-BB9E-5A2E2443E638,Lucy Glover,Nunc commodo auctor velit. Aliquam nisl. Nulla eu neque pellentesque,495288
9DAB375F-6794-C555-C893-AF24CCACF34C,Quynn Ingram,a neque. Nullam ut nisi a odio semper cursus. Integer,370594
D8DAAA4D-6792-2F94-D2E8-0E84329D4BA8,Talon Delgado,"velit. Cras lorem lorem, luctus ut, pellentesque eget, dictum placerat,",62576
9226B57A-7059-53CE-1291-57860A6AB796,Branden Fernandez,"ligula tortor, dictum eu, placerat eget, venenatis a, magna. Lorem",615304
ECAF9711-559B-22B7-17B1-D91198E32C3A,Lamar Barry,Integer tincidunt aliquam arcu. Aliquam ultrices iaculis odio. Nam interdum,280741
C78FEB3E-2434-B53F-17CD-8A4384058D83,Angelica Brock,"ut aliquam iaculis, lacus pede sagittis augue, eu tempor erat",925586
545EDD54-EECD-B69D-F81B-C4F756187A98,Alec Mcfarland,"libero. Morbi accumsan laoreet ipsum. Curabitur consequat, lectus sit amet",873662
1E652EFE-E6E7-1765-BAC7-1EBE2E52D7CB,Allen Mclean,Quisque ornare tortor at risus. Nunc ac sem ut dolor,469741
577339B9-EF19-5B86-5DAF-A5C2DABB0BF8,Marvin Bradshaw,"pellentesque a, facilisis non, bibendum sed, est. Nunc laoreet lectus",351763
0C4BDC2D-3DBB-4BCB-6045-79E6BB0A80AB,Abraham Cain,Nunc commodo auctor velit. Aliquam nisl. Nulla eu neque pellentesque,290896
0A6C7375-2DDD-D1E3-5F07-7EE77EC01CDA,Colleen Conner,tempor arcu. Vestibulum ut eros non enim commodo hendrerit. Donec,940817
8E28EADF-5E56-0221-E8D4-4865C8ADC68C,Cairo Collins,"enim, sit amet ornare lectus justo eu arcu. Morbi sit",816783
8ED9F6F9-255A-B4CC-BE53-97CDA236631F,Hilel Tyler,"at augue id ante dictum cursus. Nunc mauris elit, dictum",417085
7A46D1E4-4E2D-811B-E7D1-A032DD75A36B,Alvin Roberson,neque et nunc. Quisque ornare tortor at risus. Nunc ac,193132
6D1681EB-76CF-0708-A815-82A48E53E8DF,Gareth Parks,arcu. Sed et libero. Proin mi. Aliquam gravida mauris ut,588906
796E3D47-CC9E-85BE-28D5-36C292D83889,Dieter Douglas,eu enim. Etiam imperdiet dictum magna. Ut tincidunt orci quis,663312
4C1C1A41-9127-742E-8C66-CB233E4DC1B9,Allegra Mccarty,"ut, molestie in, tempus eu, ligula. Aenean euismod mauris eu",443159
BB2AED0D-CDD4-D0D7-8744-927049A53252,Mason Francis,eu augue porttitor interdum. Sed auctor odio a purus. Duis,52467
5289F537-C945-43CF-B53D-342BC2D375E2,Marny Carrillo,"vulputate, risus a ultricies adipiscing, enim mi tempor lorem, eget",407948
294CA225-0678-834E-6DEE-B99AFFA66215,Kelly Sutton,"nec, mollis vitae, posuere at, velit. Cras lorem lorem, luctus",982157
C77E65F4-B5D2-6BB6-392E-6D0C243FC5DA,Maggy Montgomery,mauris a nunc. In at pede. Cras vulputate velit eu,241813
CAD2D134-A212-39DB-156B-1E24391A7C3C,Dieter Koch,mauris erat eget ipsum. Suspendisse sagittis. Nullam vitae diam. Proin,617430
63103396-85C3-9979-EF2A-F65AFB2484D2,Kane Lloyd,"Morbi accumsan laoreet ipsum. Curabitur consequat, lectus sit amet luctus",884679
7925F485-662A-D988-B4DD-32991E36A89D,Francis Graves,"Duis at lacus. Quisque purus sapien, gravida non, sollicitudin a,",401997
8B930199-B1C4-0D0C-8784-CFFDD5768861,Aquila Fox,"augue scelerisque mollis. Phasellus libero mauris, aliquam eu, accumsan sed,",15847
1C466E17-26C2-EE1A-E026-53B67AAE1A9A,Vivien Preston,"vulputate dui, nec tempus mauris erat eget ipsum. Suspendisse sagittis.",897570
67DA6215-BEB1-8A16-8DC0-AF7E21DEEA33,Cody Paul,"lorem ut aliquam iaculis, lacus pede sagittis augue, eu tempor",207084
DFC426AA-65B4-AE9A-40F5-B288D2C171C0,Kennan Hicks,Vestibulum ut eros non enim commodo hendrerit. Donec porttitor tellus,628825
693979A5-7D96-9431-4B75-44943E435B3F,Gannon Woods,ligula. Aenean gravida nunc sed pede. Cum sociis natoque penatibus,808937
158E6EBB-859F-0561-6541-C7BB8BA72794,Emerson Ryan,id nunc interdum feugiat. Sed nec metus facilisis lorem tristique,412285
705D2F02-CCF1-F29B-671F-40377C74B0E9,Hayes Rosa,"laoreet, libero et tristique pellentesque, tellus sem mollis dui, in",564796
01D4CB7D-AE75-4E4B-88CC-2CD5EB91C191,Nasim Chavez,gravida. Praesent eu nulla at sem molestie sodales. Mauris blandit,283345
3043B575-C874-EB22-3863-2261BB41D223,Josiah Gaines,orci sem eget massa. Suspendisse eleifend. Cras sed leo. Cras,970534
3B695901-2498-D9EC-A1B7-244DBBCB610C,Jerome Whitley,sagittis semper. Nam tempor diam dictum sapien. Aenean massa. Integer,836804
0DCF8972-2D9A-EBDE-D473-557F93389756,Amelia Hughes,"Quisque imperdiet, erat nonummy ultricies ornare, elit elit fermentum risus,",390303
35496E13-28FC-B8B8-234B-EEAAAA74670D,Zelenia Horton,Duis ac arcu. Nunc mauris. Morbi non sapien molestie orci,540782
26C0792D-E864-7E23-9FB1-4B9A9B7C17D4,Margaret Lamb,"Nunc ut erat. Sed nunc est, mollis non, cursus non,",643495
E5C4A767-2447-9E13-2F05-9441169B77AB,Hermione Gallegos,quam dignissim pharetra. Nam ac nulla. In tincidunt congue turpis.,294180
327BC6DD-AC72-44D6-1B88-46435452CEA2,Phoebe Parks,suscipit nonummy. Fusce fermentum fermentum arcu. Vestibulum ante ipsum primis,846330
65893B27-7266-54A0-351A-85661A9283C5,Lillian Mcknight,arcu eu odio tristique pharetra. Quisque ac libero nec ligula,274538
A3DD935B-EF7F-75E5-E5B0-5CAA9B87BA82,Cody Miller,vitae diam. Proin dolor. Nulla semper tellus id nunc interdum,929621
AD6339ED-229D-34F1-BA8E-6BCB65BA77EB,Noble Barton,lobortis mauris. Suspendisse aliquet molestie tellus. Aenean egestas hendrerit neque.,307588
BE1004DC-9274-58B7-3B69-011A9B7E537A,Wing Little,mauris a nunc. In at pede. Cras vulputate velit eu,133224
A14835AD-E224-E7B7-91A5-53DA3C22B909,Amber Lowe,"litora torquent per conubia nostra, per inceptos hymenaeos. Mauris ut",536572
17F28BA3-8D27-7942-DA41-6A825CFC279E,Cameron Pennington,"Aliquam ornare, libero at auctor ullamcorper, nisl arcu iaculis enim,",209841
7F7A7CD1-9399-B5EA-E531-C42616A14550,Dacey Cobb,at arcu. Vestibulum ante ipsum primis in faucibus orci luctus,492047
561BF8A2-E8F8-0ECB-684C-081A90B74D21,Kenneth Bray,"vitae semper egestas, urna justo faucibus lectus, a sollicitudin orci",291002
457E6AC5-1724-8A27-145C-2D211128C505,Hayes Luna,"consectetuer adipiscing elit. Aliquam auctor, velit eget laoreet posuere, enim",990064
F823DB61-D85B-4A64-AD59-E2AA37DC412A,Cody Clay,"Maecenas mi felis, adipiscing fringilla, porttitor vulputate, posuere vulputate, lacus.",374070
7EE0513A-83A3-3E1E-D1FA-6460AAA5CD1D,Akeem Rhodes,"lorem fringilla ornare placerat, orci lacus vestibulum lorem, sit amet",264487
44B32322-50A0-1FDA-B47D-111A040F6D3B,Zachery Woods,"vehicula aliquet libero. Integer in magna. Phasellus dolor elit, pellentesque",317940
622A336F-EA91-F2C9-FAF7-24912A6E488F,Cameran Munoz,in molestie tortor nibh sit amet orci. Ut sagittis lobortis,523253
5BE2A603-C7BB-44A7-32F8-46DCCB9D4772,Felicia Jacobs,"In ornare sagittis felis. Donec tempor, est ac mattis semper,",933104
89BC99CF-7E5B-C885-AEDA-41A7C305775C,Keane Alford,"Suspendisse non leo. Vivamus nibh dolor, nonummy ac, feugiat non,",663235
1BBDD9E7-A45C-72E1-6578-16CE41E3A915,Gemma Fisher,purus. Nullam scelerisque neque sed sem egestas blandit. Nam nulla,217959
1F7DAF74-B3C9-12E3-8AD5-61294EE892BC,Baxter Rodriguez,nascetur ridiculus mus. Donec dignissim magna a tortor. Nunc commodo,992155
5926DFB4-2004-A79E-D7B9-3AA3B02233FD,Xenos Mckinney,"sem semper erat, in consectetuer ipsum nunc id enim. Curabitur",41004
4D499A92-05F7-86AD-A38A-A5821DB48D4F,Amethyst Sellers,"lacus. Quisque purus sapien, gravida non, sollicitudin a, malesuada id,",555820